user_1	ciw9704	37	W	80	56	28	64	66	991	/img/user_1.png
user_2	lvc5773	63	M	98	60	78	57	56	853	/img/user_2.png
user_3	svi1970	27	M	64	50	55	55	78	634	/img/user_3.png
user_4	rbz2230	29	M	42	75	50	96	93	503	/img/user_4.png
user_5	dsl6361	50	M	27	88	37	55	42	20650	/img/user_5.png
user_6	huy9727	45	W	46	91	29	6	25	8190	/img/user_6.png
user_7	wng2850	17	W	76	81	82	94	32	940	/img/user_7.png
user_8	dsw6907	19	M	16	19	70	4	92	7627	/img/user_8.png
user_9	sjm1591	35	W	86	76	63	70	12	414	/img/user_9.png
user_10	fyf9175	30	M	34	8	64	22	21	39	/img/user_10.png
user_11	wvw2979	26	M	43	81	78	62	65	576	/img/user_11.png
user_12	grb5792	17	M	75	81	75	15	58	3877	/img/user_12.png
user_13	spe4894	16	M	98	87	68	16	7	447	/img/user_13.png
user_14	ilj2482	24	W	55	77	69	28	97	848	/img/user_14.png
user_15	jez4301	71	M	67	50	76	84	22	358	/img/user_15.png
user_16	yzm1415	44	W	2	31	56	49	92	425	/img/user_16.png
user_17	ojm9918	16	W	29	95	50	45	90	578	/img/user_17.png
user_18	dfh5421	19	M	25	21	86	21	8	844	/img/user_18.png
user_19	uuq3120	43	W	26	57	94	40	64	9151	/img/user_19.png
user_20	akh3188	74	M	75	98	80	1	90	14170	/img/user_20.png
user_21	jbr5249	62	W	25	15	5	85	23	3426	/img/user_21.png
user_22	ofj3806	55	M	17	68	55	60	25	335	/img/user_22.png
user_23	bpc6868	17	W	20	46	17	57	74	220	/img/user_23.png
user_24	bvm4509	30	M	51	25	39	97	42	3219	/img/user_24.png
user_25	lmg6481	79	W	43	47	42	81	29	730	/img/user_25.png
user_26	bvx4085	62	W	12	19	90	7	9	405	/img/user_26.png
user_27	jnc7271	33	W	63	20	5	48	83	1194	/img/user_27.png
user_28	rit7447	68	M	32	33	24	29	38	3982	/img/user_28.png
user_29	bsj7235	23	W	12	77	3	21	93	164	/img/user_29.png
user_30	lol7158	19	M	88	3	49	48	41	923	/img/user_30.png
user_31	ljr3342	49	W	94	85	63	56	73	653	/img/user_31.png
user_32	sak2649	49	M	74	59	55	39	53	285	/img/user_32.png
user_33	jeo8630	19	M	18	42	24	12	57	481	/img/user_33.png
user_34	nhh5444	72	M	3	15	54	58	81	477	/img/user_34.png
user_35	ydp3694	23	W	50	83	7	24	44	949	/img/user_35.png
user_36	gzr1916	78	M	5	79	59	29	83	981	/img/user_36.png
user_37	awi6547	43	W	81	64	22	52	33	6882	/img/user_37.png
user_38	iuf3654	47	W	8	23	68	25	29	76	/img/user_38.png
user_39	rwm2426	44	W	57	63	64	65	85	8601	/img/user_39.png
user_40	bnx2460	18	M	56	74	94	59	18	667	/img/user_40.png
user_41	ekt9045	30	W	2	86	8	63	6	449	/img/user_41.png
user_42	srh3428	26	M	67	98	91	100	31	526	/img/user_42.png
user_43	nzk2419	59	W	52	40	48	54	60	741	/img/user_43.png
user_44	bao5980	33	W	5	81	81	1	74	9514	/img/user_44.png
user_45	swu5813	23	M	100	88	52	48	83	8404	/img/user_45.png
user_46	ucu2794	19	M	43	95	20	80	17	4112	/img/user_46.png
user_47	hmh2225	38	M	91	26	16	6	7	8126	/img/user_47.png
user_48	fsw2861	39	M	55	80	8	69	92	8347	/img/user_48.png
user_49	zgf9744	78	W	76	47	94	72	59	298	/img/user_49.png
user_50	imk1679	15	M	39	87	21	96	64	231	/img/user_50.png
user_51	cvy9104	27	W	17	97	1	65	71	642	/img/user_51.png
user_52	trc4609	70	W	22	50	34	40	97	9801	/img/user_52.png
user_53	pgy4924	71	M	42	35	5	98	93	975	/img/user_53.png
user_54	uwm6596	73	M	99	39	32	90	66	125	/img/user_54.png
user_55	ggh9294	36	M	10	45	97	50	72	735	/img/user_55.png
user_56	zog2073	49	W	78	53	47	81	5	13680	/img/user_56.png
user_57	tvc3115	45	M	4	29	97	85	93	8614	/img/user_57.png
user_58	vlf4654	51	W	5	3	16	15	99	710	/img/user_58.png
user_59	kpd2065	27	W	89	53	24	41	66	4432	/img/user_59.png
user_60	sbm1273	43	M	77	40	55	47	86	797	/img/user_60.png
user_61	auo6453	65	M	92	70	42	54	78	425	/img/user_61.png
user_62	zab3855	52	M	77	65	53	18	75	808	/img/user_62.png
user_63	bjx8709	73	M	13	59	2	77	84	4802	/img/user_63.png
user_64	txs3788	59	W	37	82	44	67	77	733	/img/user_64.png
user_65	oqw7591	59	W	100	17	29	10	82	1944	/img/user_65.png
user_66	gfw6696	48	M	12	16	98	34	25	26970	/img/user_66.png
user_67	jau9127	24	W	45	26	48	85	10	376	/img/user_67.png
user_68	qaa2688	21	W	68	99	89	7	32	7	/img/user_68.png
user_69	iei8508	22	W	70	84	89	8	17	794	/img/user_69.png
user_70	iqo1406	47	M	14	13	86	2	35	6933	/img/user_70.png
user_71	gcu3744	50	M	2	85	40	58	43	718	/img/user_71.png
user_72	qgf1889	60	M	2	88	66	61	33	915	/img/user_72.png
user_73	fdz4888	15	W	6	56	15	50	78	524	/img/user_73.png
user_74	vpu8550	24	M	96	38	31	36	10	124	/img/user_74.png
user_75	ptp3961	72	W	22	52	13	81	58	7765	/img/user_75.png
user_76	mrk4562	32	M	75	30	6	27	78	6598	/img/user_76.png
user_77	bid8383	41	M	24	56	68	50	64	189	/img/user_77.png
user_78	vdb6846	52	W	55	42	18	83	40	776	/img/user_78.png
user_79	nkc5670	77	W	30	25	21	76	57	25	/img/user_79.png
user_80	hjc6280	55	W	36	7	87	45	20	25310	/img/user_80.png
user_81	ycj6468	27	W	74	66	70	95	37	5088	/img/user_81.png
user_82	mrt8041	80	W	37	3	93	37	77	994	/img/user_82.png
user_83	ezh9006	29	W	92	39	7	22	33	319	/img/user_83.png
user_84	lps1315	41	W	34	26	63	63	26	760	/img/user_84.png
user_85	puk2611	72	W	21	94	22	42	25	543	/img/user_85.png
user_86	egv4367	49	W	39	39	16	99	14	275	/img/user_86.png
user_87	ppu9233	48	W	45	67	11	19	81	330	/img/user_87.png
user_88	gii3633	62	W	71	67	76	75	86	16880	/img/user_88.png
user_89	oas6585	40	W	77	26	53	33	1	569	/img/user_89.png
user_90	rll7200	20	M	22	60	96	87	15	24360	/img/user_90.png
user_91	fwu9568	35	W	45	76	14	89	100	1668	/img/user_91.png
user_92	crb7500	73	M	30	80	25	54	84	1402	/img/user_92.png
user_93	ulw2630	45	M	20	38	19	84	13	5130	/img/user_93.png
user_94	esu6652	44	M	81	39	92	80	61	14	/img/user_94.png
user_95	rgl7347	57	M	55	99	25	92	34	24150	/img/user_95.png
user_96	ibx6982	80	M	75	27	20	88	65	11690	/img/user_96.png
user_97	ovj2364	65	M	59	48	52	32	73	278	/img/user_97.png
user_98	qlp3556	80	W	32	8	24	71	34	151	/img/user_98.png
user_99	yun4995	27	W	95	72	69	17	97	7678	/img/user_99.png
user_100	zmj4838	55	W	60	13	46	49	90	5638	/img/user_100.png
